俳句,作者,作者よみがな,季語,親季語,季語よみがな,季節,詳細季節,手入力した季語,発行年,発行月,号数
｜睦《むつ》み合ふ｜夜《よ》｜風《かぜ》や春の｜虎《も》｜落《がり》｜笛《ぶえ》,箱蔵剣,はこくらけん,虎落笛,虎落笛,もがりぶえ,huyu,三冬,,2025,4,199
｜黒《こく》｜白《びやく》の｜糞《まり》の｜階《ざは》春の鳥,箱蔵剣,はこくらけん,春の鳥,春の鳥,はるのとり,haru,三春,,2025,4,199
｜牛《ぎゆう》｜酪《らく》の消ゆる｜朝《あさ》｜餉《げ》や春の泥,箱蔵剣,はこくらけん,春の泥,春泥,しゅんでい,haru,三春,,2025,4,199
捨てらるる靴下｜被《かぶ》る春の草,箱蔵剣,はこくらけん,春の草,春の草,はるのくさ,haru,三春,,2025,4,199
｜春《はる》｜風《かぜ》の｜奏《そう》する波や島淡し,箱蔵剣,はこくらけん,春風,春の風,はるのかぜ,haru,三春,,2025,4,199
遊歩道歩きくねるや春の海,箱蔵剣,はこくらけん,春の海,春の海,はるのうみ,haru,三春,,2025,4,199
｜佐《さ》｜保《ほ》｜姫《ひめ》や岩しやぶる波｜愛《いと》ほしむ,箱蔵剣,はこくらけん,佐保姫,佐保姫,さほひめ,haru,三春,,2025,4,199
浜の音に草揺らぎけり｜望《しお》｜潮《まねき》,箱蔵剣,はこくらけん,望潮,望潮,しおまねき,haru,三春,,2025,4,199
｜踏《とう》｜青《せい》や風は岬を乗り上ぐる,箱蔵剣,はこくらけん,踏青,踏青,とうせい,haru,晩春,,2025,4,199
｜春《はる》｜風《かぜ》を枕の竹や｜揺《ゆ》りの山,箱蔵剣,はこくらけん,春風,春の風,はるのかぜ,haru,三春,,2025,4,199
ほどけゆくとんびの｜糞《まり》や春霞,箱蔵剣,はこくらけん,春霞,霞,かすみ,haru,三春,,2025,4,199
吹き出しのやうなあははや風光る,箱蔵剣,はこくらけん,風光る,風光る,かぜひかる,haru,三春,,2025,4,199
春の芝｜昼《ひる》｜餉《げ》の｜父《てて》｜御《ご》呼ばれけり,箱蔵剣,はこくらけん,春の芝,若芝,わかしば,haru,晩春,,2025,4,199
海風や子らの散りぼふ春野かな,箱蔵剣,はこくらけん,春野,春の野,はるのの,haru,三春,,2025,4,199
ドルフィンの蹴りで翔くるや春の鳥,箱蔵剣,はこくらけん,春の鳥,春の鳥,はるのとり,haru,三春,,2025,4,199
｜鰐《わに》｜革《がわ》の｜灘《なだ》が｜春《はる》｜日《ひ》を｜摺《す》り｜下《お》ろす,箱蔵剣,はこくらけん,春日,春日,はるひ,haru,三春,,2025,4,199
｜春《はる》｜風《かぜ》の｜拈《ひね》る｜烏《からす》の｜天《てん》｜狗《ぐ》｜連《れん》,箱蔵剣,はこくらけん,春風,春の風,はるのかぜ,haru,三春,,2025,4,199
｜篁《かむ》の｜座《ざ》｜頭《とう》｜語《がた》りや春の鳥,箱蔵剣,はこくらけん,春の鳥,春の鳥,はるのとり,haru,三春,,2025,4,199
｜春《はる》｜風《かぜ》の｜御《お》｜成《な》りの峠｜武《む》｜者《しや》｜震《ぶる》ひ,箱蔵剣,はこくらけん,春風,春の風,はるのかぜ,haru,三春,,2025,4,199
菜の花の鎖を這はす｜行《ぎよう》｜者《じや》｜山《やま》,箱蔵剣,はこくらけん,菜の花,菜の花,なのはな,haru,晩春,,2025,4,199
日時計を買つて出る像｜春《はる》｜疾《はや》｜風《て》,箱蔵剣,はこくらけん,春疾風,春疾風,はるはやて,haru,三春,,2025,4,199
青屋根の｜烏《からす》は青し木の芽時,箱蔵剣,はこくらけん,木の芽時,木の芽時,このめどき,haru,三春,,2025,4,199
菜の花の｜隘《あい》｜路《ろ》や風を｜開《ひら》く駅,箱蔵剣,はこくらけん,菜の花,菜の花,なのはな,haru,晩春,,2025,4,199
杉咲くや｜白《しら》｜波《なみ》の散る｜島《しま》｜間《あわい》,箱蔵剣,はこくらけん,無季,無季,むき,muki,無季,,2025,4,199
｜春《しゆん》｜禽《きん》の｜櫛《くし》の梢や海の風,箱蔵剣,はこくらけん,春禽,春の鳥,はるのとり,haru,三春,,2025,4,199
｜古《こ》｜祠《し》を打つ｜春《はる》風｜攀《よ》づる小山かな,箱蔵剣,はこくらけん,春風,春の風,はるのかぜ,haru,三春,,2025,4,199
梅の香の｜甍《いらか》に｜隠《こも》る｜施《せ》｜無《む》｜畏《い》｜印《いん》,箱蔵剣,はこくらけん,梅,梅,うめ,haru,初春,,2025,4,199
｜頂《ただ》の｜奥《おく》｜津《つ》｜城《き》に来て山笑ふ,箱蔵剣,はこくらけん,山笑ふ,山笑ふ,やまわらう,haru,三春,,2025,4,199
｜春《しゆん》｜禽《きん》の｜詠《えい》｜歌《か》｜発《はつ》すや｜日《ひ》｜矢《や》の山,箱蔵剣,はこくらけん,春禽,春の鳥,はるのとり,haru,三春,,2025,4,199
｜鉄《てつ》｜船《せん》の波を｜喘《あえ》ぐや島霞む,箱蔵剣,はこくらけん,霞む,霞,かすみ,haru,三春,,2025,4,199
シャガールのラピスラズリや春の海,箱蔵剣,はこくらけん,春の海,春の海,はるのうみ,haru,三春,,2025,4,199
すり足の風に｜毛《け》｜羽《ば》｜立《だ》つ春の潮,箱蔵剣,はこくらけん,春の潮,春潮,しゅんちょう,haru,三春,,2025,4,199
春分のあかりくらがり杉木立,箱蔵剣,はこくらけん,春分,春分,しゅんぶん,haru,仲春,,2025,4,199
分けて行くおほかぎろひの山路かな,箱蔵剣,はこくらけん,かぎろひ,陽炎,かげろう,haru,三春,,2025,4,199
｜草《くさ》｜陰《かげ》を曲がり切らざる春の風,箱蔵剣,はこくらけん,春の風,春の風,はるのかぜ,haru,三春,,2025,4,199
山笑むや水を｜溺《おぼ》るる昼日影,箱蔵剣,はこくらけん,無季,無季,むき,muki,無季,,2025,4,199
｜女《おんな》｜坂《ざか》｜油《あぶら》｜菜《な》｜小《こう》｜路《じ》引き返す,箱蔵剣,はこくらけん,油菜,菜の花,なのはな,haru,晩春,,2025,4,199
照り山へ｜長《ちよう》｜歌《か》ひもとく初音かな,箱蔵剣,はこくらけん,初音,鶯,うぐいす,haru,三春,,2025,4,199
埋もれ谷｜春《しゆん》｜風《ぷう》｜遡《そ》｜上《じよう》｜仕《かま》る,箱蔵剣,はこくらけん,春風,春の風,はるのかぜ,haru,三春,,2025,4,199
｜説《せつ》｜呪《しゆ》｜曰《わつ》｜無《む》｜礙《げ》｜初《はつ》｜音《ね》｜心《しん》｜大《だい》｜陀《だ》｜羅《ら》｜尼《に》,箱蔵剣,はこくらけん,初音,鶯,うぐいす,haru,三春,,2025,4,199
｜千《せん》｜畳《じよう》の｜春《はる》｜日《ひ》｜一《いち》｜葉《よう》｜事《こと》｜切《き》るる,箱蔵剣,はこくらけん,春日,春日,はるひ,haru,三春,,2025,4,199
｜古《ふる》｜草《くさ》のひたすら照るや鳥の｜讃《さん》,箱蔵剣,はこくらけん,古草,古草,ふるくさ,haru,三春,,2025,4,199
山路行く｜木《こ》の｜芽《め》が目なら恐ろしや,箱蔵剣,はこくらけん,木の芽,木の芽,このめ,haru,三春,,2025,4,199
山門や大樹の影は春の風,箱蔵剣,はこくらけん,春の風,春の風,はるのかぜ,haru,三春,,2025,4,199
｜大《おお》｜甕《がめ》や｜馬《は》｜銜《み》に噛ませる梅太し,箱蔵剣,はこくらけん,梅,梅,うめ,haru,初春,,2025,4,199
｜階《きざはし》の地蔵地蔵や｜目《め》｜借《か》り｜時《どき》,箱蔵剣,はこくらけん,目借り時,蛙の目借り時,かわずのめかりどき,haru,晩春,,2025,4,199
仏陀像｜囀《さえず》りの｜織《お》る｜糞《ふん》｜掃《ぞう》｜衣《え》,箱蔵剣,はこくらけん,囀り,囀,さえずり,haru,三春,,2025,4,199
叩かれぬ｜鰐《わに》｜口《ぐち》の噛む春の闇,箱蔵剣,はこくらけん,春の闇,春の闇,はるのやみ,haru,三春,,2025,4,199
｜石《いし》｜畳《だたみ》光踏み塗る遍路かな,箱蔵剣,はこくらけん,遍路,遍路,へんろ,haru,三春,,2025,4,199
春泥と｜成《な》り｜成《な》る島や｜雨《あめ》｜陀《だ》｜羅《ら》｜尼《に》,箱蔵剣,はこくらけん,春泥,春泥,しゅんでい,haru,三春,,2025,4,199
｜昨《き》｜夜《そ》の葉は｜身《み》｜罷《まか》る魚や春の泥,箱蔵剣,はこくらけん,春の泥,春泥,しゅんでい,haru,三春,,2025,4,199
水速し杖の｜嫗《おうな》と菜花かな,箱蔵剣,はこくらけん,菜花,菜の花,なのはな,haru,晩春,,2025,4,199
｜白《しら》｜砂《すな》の呼ぶ｜姦《かしま》しや｜海《う》｜髪《ご》の夕,箱蔵剣,はこくらけん,海髪,海髪,うご,haru,三春,,2025,4,199
｜紅《くれない》の花の｜首《し》｜級《し》や春の泥,箱蔵剣,はこくらけん,春の泥,春泥,しゅんでい,haru,三春,,2025,4,199
春泥を噛む車輪かな｜軒《のき》｜灯《あか》り,箱蔵剣,はこくらけん,春泥,春泥,しゅんでい,haru,三春,,2025,4,199
｜毛《もう》｜氈《せん》や｜火《ほ》｜之《の》｜迦《か》｜具《ぐ》｜土《つち》の｜陶《とう》｜雛《ひいな》,箱蔵剣,はこくらけん,雛,雛祭,ひなまつり,haru,仲春,,2025,4,199
｜白《はく》｜蓮《れん》の花カルーセル｜五《い》｜十《そ》｜路《じ》｜川《がわ》,箱蔵剣,はこくらけん,蓮の花,蓮,はす,natsu,晩夏,,2025,4,199
自転車の｜鉦《かね》の｜散《さん》｜華《げ》や春遍路,箱蔵剣,はこくらけん,遍路,遍路,へんろ,haru,三春,,2025,4,199
ひそひそとナイショのはなし春浅し,久我正明,くがまさあき,春浅し,春浅し,はるあさし,haru,初春,,2025,4,199
豆まきや鬼を｜退《たい》｜治《じ》の豆の役,久我正明,くがまさあき,無季,無季,むき,muki,無季,,2025,4,199
マラソンの眩しき足や二万本,久我正明,くがまさあき,無季,無季,むき,muki,無季,,2025,4,199
｜店《てん》｜頭《とう》の｜幾《き》｜何《か》｜学《がく》｜模《も》｜様《よう》春のチョコ,久我正明,くがまさあき,春,春,はる,haru,三春,,2025,4,199
サックスのその色彩は木瓜の花,久我正明,くがまさあき,木瓜の花,木瓜の花,ぼけのはな,haru,晩春,,2025,4,199
今日を待つて聞くバレンタインデー,久我正明,くがまさあき,バレンタインデー,バレンタインの日,ばれんたいんのひ,haru,初春,,2025,4,199
長い髪を切つて私はフリージア,久我正明,くがまさあき,フリージア,フリージア,ふりーじあ,haru,晩春,,2025,4,199
ご｜機《き》｜嫌《げん》｜の《ん》春が鳴る鳴る駅ピアノ,久我正明,くがまさあき,春,春,はる,haru,三春,,2025,4,199
ぶらぶらと春をながめる｜波《なみ》｜頭《がしら》,久我正明,くがまさあき,春,春,はる,haru,三春,,2025,4,199
めじろ来てぱらぱ｜ら《ま》｜漫《まん》｜画《んが》｜の《が》やうに去る,久我正明,くがまさあき,めじ,めじ,めじ,haru,三春,,2025,4,199
｜待《たい》｜春《しゆん》や｜病《びよう》｜魔《ま》にあらがふ友のベル,城戸義文,きどよしふみ,あら,あら,あら,huyu,三冬,,2025,4,199
｜蕾《つぼみ》あまた一輪開花｜沈《じん》｜丁《ちよう》｜花《げ》,城戸義文,きどよしふみ,沈丁花,沈丁花,じんちょうげ,haru,三春,,2025,4,199
昨夏の日照りに耐へし｜草《くさ》｜青《あお》む,城戸義文,きどよしふみ,草青む,草青む,くさあおむ,haru,仲春,,2025,4,199
主なき｜邸《てい》の｜賑《にぎ》はひ梅椿,城戸義文,きどよしふみ,椿,椿,つばき,haru,三春,,2025,4,199
懐かしや四季の色分け雛あられ,城戸義文,きどよしふみ,雛あられ,雛あられ,ひなあられ,haru,仲春,,2025,4,199
見張る眼に雛のレジェンド勢揃ひ,城戸義文,きどよしふみ,雛,雛祭,ひなまつり,haru,仲春,,2025,4,199
児らの手に成る人形や雛祭り,城戸義文,きどよしふみ,雛祭,雛祭,ひなまつり,haru,仲春,,2025,4,199
驚きぬ音の大きさ春の雷,城戸義文,きどよしふみ,春の雷,春の雷,はるのらい,haru,三春,,2025,4,199
頭揃へやつと三寸｜黄《き》｜水《ずい》｜仙《せん》,城戸義文,きどよしふみ,黄水仙,黄水仙,きずいせん,haru,仲春,,2025,4,199
唐｜揚《な》｜げ《なに》｜に《にわ》｜舌《わや》｜の《食》｜喜《堂》｜び《に》｜春《て》浅し,城戸義文,きどよしふみ,春浅し,春浅し,はるあさし,haru,初春,,2025,4,199
｜佐《さ》｜保《ほ》｜姫《ひめ》の連れ来し雨か｜比《ひ》｜翼《よく》｜塚《づか》,井上まり,いのうえまり,佐保姫,佐保姫,さほひめ,haru,三春,,2025,4,199
雨粒をまとふ光や桜の芽,井上まり,いのうえまり,芽,ものの芽,もののめ,haru,仲春,,2025,4,199
｜接《にわ》｜骨《わと》｜木《とこ》に芽や守り継ぐ｜比《ひ》｜翼《よく》｜塚《づか》,井上まり,いのうえまり,芽,ものの芽,もののめ,haru,仲春,,2025,4,199
池の面にゆらぐ人影水草生ふ,井上まり,いのうえまり,水草生ふ,水草生ふ,みくさおう,haru,仲春,,2025,4,199
朝の日を｜隈《くま》なく集め花菜畑,井上まり,いのうえまり,花菜,菜の花,なのはな,haru,晩春,,2025,4,199
空の青引き寄せ白き梅の花,井上まり,いのうえまり,梅の花,梅,うめ,haru,初春,,2025,4,199
たまづさを届けるやう｜に《は》｜初《はつ》｜蝶《ちよう》｜来《うく》,井上まり,いのうえまり,たまづさ,烏瓜,からすうり,aki,晩秋,,2025,4,199
｜山《さん》｜茱《んしゆ》｜萸《ゆゆ》の黄のつばらなる朝日影,井上まり,いのうえまり,茱萸,茱萸,ぐみ,aki,晩秋,,2025,4,199
｜野《の》｜茨《いばら》のこぞる芽吹きの古道かな,井上まり,いのうえまり,芽吹,芽立ち,めだち,haru,仲春,,2025,4,199
行く春のたはむれに引く恋みくじ,井上まり,いのうえまり,行く春,行く春,ゆくはる,haru,晩春,,2025,4,199
｜春《しゆん》｜禽《きん》や｜美《は》しき光の満つ｜朝《あした》,中矢えり子,なかやえりこ,春禽,春の鳥,はるのとり,haru,三春,,2025,4,199
ドッグラン犬の｜足《あ》｜裏《うら》に春の泥,中矢えり子,なかやえりこ,春の泥,春泥,しゅんでい,haru,三春,,2025,4,199
残雪や霊山覆ひ気を保つ,中矢えり子,なかやえりこ,残雪,残雪,ざんせつ,haru,仲春,,2025,4,199
古びたる｜雛《ひいな》に赤きあられ餅,中矢えり子,なかやえりこ,あられ,霰,あられ,huyu,三冬,,2025,4,199
靴紐の踊り少年青き踏む,中矢えり子,なかやえりこ,青き踏む,踏青,とうせい,haru,晩春,,2025,4,199
色どりの明し垂れ幕彼岸寺,中矢えり子,なかやえりこ,彼岸寺,彼岸会,ひがんえ,haru,仲春,,2025,4,199
魂の固まり上ぐや｜白《はく》｜木《くもく》｜蓮《れん》,中矢えり子,なかやえりこ,白木蓮,木蓮,もくれん,haru,仲春,,2025,4,199
彼岸桜ぽつんと灯る岸辺かな,中矢えり子,なかやえりこ,彼岸桜,彼岸桜,ひがんざくら,haru,仲春,,2025,4,199
｜沈《じん》｜丁《ちよう》の香に昂ぶりの納めらる,中矢えり子,なかやえりこ,沈丁,沈丁花,じんちょうげ,haru,三春,,2025,4,199
ものの芽の膨らむ音や闇深し,中矢えり子,なかやえりこ,ものの芽,ものの芽,もののめ,haru,仲春,,2025,4,199
梅が香の圧にまみるる谷の宿,山口葉都緒,やまぐちはつお,梅が香,梅,うめ,haru,初春,,2025,4,199
城山を浮かせて魅せる春の霧,山口葉都緒,やまぐちはつお,春,春,はる,haru,三春,,2025,4,199
足ゆするリフトの客や｜鼓《つづみ》｜草《ぐさ》,山口葉都緒,やまぐちはつお,鼓草,蒲公英,たんぽぽ,haru,仲春,,2025,4,199
たんぽぽに｜東《しの》｜雲《のめ》｜色《いろ》の風が吹く,山口葉都緒,やまぐちはつお,たんぽぽ,蒲公英,たんぽぽ,haru,仲春,,2025,4,199
花ミモザせせらぎの風きらめけり,山口葉都緒,やまぐちはつお,ミモザ,ミモザ,みもざ,haru,初春,,2025,4,199
山里の｜谺《こだま》しきりや春の鳥,山口葉都緒,やまぐちはつお,春の鳥,春の鳥,はるのとり,haru,三春,,2025,4,199
春泥や石の頭をけんけんぱ,山口葉都緒,やまぐちはつお,春泥,春泥,しゅんでい,haru,三春,,2025,4,199
蛇行する｜轍《わだち》の川か犬ふぐり,山口葉都緒,やまぐちはつお,犬ふぐり,いぬふぐり,いぬふぐり,haru,三春,,2025,4,199
｜初《はつ》｜蝶《ちよう》｜来《く》しばしふたりに割込みて,山口葉都緒,やまぐちはつお,初蝶,初蝶,はつちょう,haru,仲春,,2025,4,199
単線のホームの端につくしんぼ,山口葉都緒,やまぐちはつお,つくしんぼ,土筆,つくし,haru,仲春,,2025,4,199
総会は｜獺《おそ》の祭や｜沓《くつ》脱ぎ場,福島心結,ふくしまみゆ,祭,祭,まつり,natsu,三夏,,2025,4,199
｜褪《あ》せぬまま錦糸の蕊や落椿,福島心結,ふくしまみゆ,落椿,椿,つばき,haru,三春,,2025,4,199
逆立ちて蜜吸ふ鳥や藪椿,福島心結,ふくしまみゆ,藪椿,椿,つばき,haru,三春,,2025,4,199
蒼き踏むひとりぼつちの野辺｜の《み》｜径《みち》,福島心結,ふくしまみゆ,無季,無季,むき,muki,無季,,2025,4,199
冴返る石の魚や目のぎよろり,福島心結,ふくしまみゆ,冴返る,冴返る,さえかえる,haru,初春,,2025,4,199
｜霾《つちふる》や母校歴史の幕閉ぢる,福島心結,ふくしまみゆ,霾,霾,つちふる,haru,三春,,2025,4,199
百余年母校廃校｜春《はる》｜愁《うれい》,福島心結,ふくしまみゆ,春愁,春愁,しゅんしゅう,haru,三春,,2025,4,199
花ミモザ幸せ色の風の中,福島心結,ふくしまみゆ,ミモザ,ミモザ,みもざ,haru,初春,,2025,4,199
｜陽《かげ》｜炎《げろう》や錆し鉄路のさきに夢,福島心結,ふくしまみゆ,陽炎,陽炎,かげろう,haru,三春,,2025,4,199
春の闇猫の寝息やあまやかに,福島心結,ふくしまみゆ,春の闇,春の闇,はるのやみ,haru,三春,,2025,4,199
漱石がゐて虚子がゐて｜獺《だつ》｜祭《つさい》,源言鬼,みなもとげんき,祭,祭,まつり,natsu,三夏,,2025,4,199
｜長《のど》｜閑《どか》さやブラシに｜弛《だ》れる馬の｜面《つら》,源言鬼,みなもとげんき,長閑さ,長閑,のどか,haru,三春,,2025,4,199
春衣どこまで伸びる鼻の下,源言鬼,みなもとげんき,こま,駒鳥,こまどり,natsu,三夏,,2025,4,199
恵方巻おしやべり癖が邪魔になり,源言鬼,みなもとげんき,にな,蜷(にな),にな,haru,三春,,2025,4,199
手ぐすねを引いて待ちけり鬼の豆,源言鬼,みなもとげんき,鬼の豆,豆撒,まめまき,huyu,晩冬,,2025,4,199
飛鳥の湯ページ重ぬる花椿,源言鬼,みなもとげんき,椿,椿,つばき,haru,三春,,2025,4,199
お返しに破産の覚悟バレンタイン,源言鬼,みなもとげんき,バレンタイン,バレンタインの日,ばれんたいんのひ,haru,初春,,2025,4,199
今年こそ覚悟を決めよバレンタイン,源言鬼,みなもとげんき,バレンタイン,バレンタインの日,ばれんたいんのひ,haru,初春,,2025,4,199
カルナバル騒ぐ｜嫗《おみな》の恋の虫,源言鬼,みなもとげんき,虫,虫,むし,aki,三秋,,2025,4,199
｜薄《うす》｜氷《すらい》やメダカの顔を倍に見せ,源言鬼,みなもとげんき,薄氷,薄氷,うすらい,haru,初春,,2025,4,199
紫竹集｜点《てんび》｜描《んびよう》｜と《う》なりしいばりや雪｜の《は》｜果《はて》,檜垣勇慈,ひがきゆうじ,雪の果,雪の果,ゆきのはて,haru,仲春,,2025,4,199
リハビリに励む姿や春の空,檜垣勇慈,ひがきゆうじ,春の空,春の空,はるのそら,haru,三春,,2025,4,199
蝋燭の短くなりて朧影,檜垣勇慈,ひがきゆうじ,朧影,朧,おぼろ,haru,三春,,2025,4,199
チクタクと柱時計や春の闇,檜垣勇慈,ひがきゆうじ,春の闇,春の闇,はるのやみ,haru,三春,,2025,4,199
帰り道春の匂ひに振り向けり,檜垣勇慈,ひがきゆうじ,春の匂,春光,しゅんこう,haru,三春,,2025,4,199
梅の香に誘はれ城を登りけり,檜垣勇慈,ひがきゆうじ,けり,鳧,けり,natsu,三夏,,2025,4,199
篠笛の調べ流るや夜半の春,檜垣勇慈,ひがきゆうじ,夜半の春,春の夜,はるのよ,haru,三春,,2025,4,199
春北風や迫り来る火の見え隠れ,檜垣勇慈,ひがきゆうじ,春北風,春北風,はるきた,haru,三春,,2025,4,199
林道の｜轍《わだち》に残る春の泥,檜垣勇慈,ひがきゆうじ,春の泥,春泥,しゅんでい,haru,三春,,2025,4,199
｜畝《うね》｜立《ね》ての手を休めれば春の鳥,檜垣勇慈,ひがきゆうじ,春の鳥,春の鳥,はるのとり,haru,三春,,2025,4,199
節分や｜一《いち》｜合《ちごう》｜五《うご》｜勺《しやく》｜の《く》豆を炒り,髙井辰美,たかいたつみ,節分,節分,せつぶん,huyu,晩冬,,2025,4,199
恵方巻彼方と貴方に御裾分け,髙井辰美,たかいたつみ,恵方,恵方詣,えほうまいり,shinnen,新年,,2025,4,199
赤い灯ゆらぐ寒波の交差点,髙井辰美,たかいたつみ,寒波,寒波,かんぱ,huyu,晩冬,,2025,4,199
大寒波三日三晩の赤い灯,髙井辰美,たかいたつみ,寒波,寒波,かんぱ,huyu,晩冬,,2025,4,199
南国や氷柱ののれん久に見ゆ,髙井辰美,たかいたつみ,氷柱,氷柱,つらら,huyu,晩冬,,2025,4,199
｜軒《のき》｜氷《きつら》｜柱《らら》｜き《ら》のふと違ふ朝があり,髙井辰美,たかいたつみ,氷柱,氷柱,つらら,huyu,晩冬,,2025,4,199
バラバラに折れて氷柱でなくなりぬ,髙井辰美,たかいたつみ,氷柱,氷柱,つらら,huyu,晩冬,,2025,4,199
雪の夜の風のとびたる不安あり,髙井辰美,たかいたつみ,雪の夜,雪,ゆき,huyu,晩冬,,2025,4,199
百年を旅して繁る薮椿,髙井辰美,たかいたつみ,椿,椿,つばき,haru,三春,,2025,4,199
落椿ひとひら乗せり庭の苔,髙井辰美,たかいたつみ,落椿,椿,つばき,haru,三春,,2025,4,199
夜干しする斜めから見る朧月,髙須賀潤緒,たかすかまお,朧月,朧月,おぼろづき,haru,三春,,2025,4,199
｜憂《ゆう》｜鬱《ううつ》｜の《つ》後押しをする春の空,髙須賀潤緒,たかすかまお,春の空,春の空,はるのそら,haru,三春,,2025,4,199
夢並べ残りわづかの｜獺《だつ》｜祭《つさい》｜魚《いぎよ》,髙須賀潤緒,たかすかまお,祭,祭,まつり,natsu,三夏,,2025,4,199
忘却を友として生く春日向,髙須賀潤緒,たかすかまお,春日向,春日,はるひ,haru,三春,,2025,4,199
六地蔵首に巻いてる春模様,髙須賀潤緒,たかすかまお,春,春,はる,haru,三春,,2025,4,199
｜瞬《と》｜間《とき》知らず小さき揺れや落椿,髙須賀潤緒,たかすかまお,落椿,椿,つばき,haru,三春,,2025,4,199
箒目を流して行くや春時雨,髙須賀潤緒,たかすかまお,春時雨,春時雨,はるしぐれ,haru,三春,,2025,4,199
蹴り上げて何処へ行くのかふらここと,髙須賀潤緒,たかすかまお,ふらここ,鞦韆,しゅうせん,haru,三春,,2025,4,199
蒼空や眉濃きままの｜紫《し》｜木《もく》｜蓮《くれん》,髙須賀潤緒,たかすかまお,紫木蓮,木蓮,もくれん,haru,仲春,,2025,4,199
道後行車掌の指は春を差す,髙須賀潤緒,たかすかまお,春,春,はる,haru,三春,,2025,4,199
愛犬の尻尾も揺れる春一番,中井康子,なかいやすこ,春一番,春一番,はるいちばん,haru,仲春,,2025,4,199
｜麗《うら》｜ら《ら》かやバチを操るちんどん屋,中井康子,なかいやすこ,麗らか,麗か,うららか,haru,三春,,2025,4,199
タンポポや去年と同じ場所に咲き,中井康子,なかいやすこ,去年,旧年,きゅうねん,shinnen,新年,,2025,4,199
雛の日やデイサービス｜の《う》｜宴《うたげ》｜か《げ》な,中井康子,なかいやすこ,雛,雛祭,ひなまつり,haru,仲春,,2025,4,199
十倍のポイント目当て春一番,中井康子,なかいやすこ,春一番,春一番,はるいちばん,haru,仲春,,2025,4,199
春コート車移動の間に｜濃《のう》｜霧《うむ》,中井康子,なかいやすこ,春コート,春外套,はるがいとう,haru,三春,,2025,4,199
夫待つ犬とウトウト暖かし,中井康子,なかいやすこ,暖か,暖か,あたたか,haru,三春,,2025,4,199
春キャベツ丸ごと一個買はうかな,中井康子,なかいやすこ,春キャベツ,玉巻く甘藍,たままくかんらん,haru,仲春,,2025,4,199
冴えかへる貧乏ゆすりやつてみる,中井康子,なかいやすこ,冴えかへる,冴返る,さえかえる,haru,初春,,2025,4,199
｜姑《しゆうとめ》の通院介助春深し,中井康子,なかいやすこ,春深し,春深し,はるふかし,haru,晩春,,2025,4,199
表札に間違い無くとつばめ来る,得居博秀,とくいはくしゅう,つばめ,燕,つばめ,haru,仲春,,2025,4,199
万歩計歩数楽しむ日永かな,得居博秀,とくいはくしゅう,日永,日永,ひなが,haru,三春,,2025,4,199
のどけしや｜畦《あぜ》｜で《ぜ》一服老夫婦,得居博秀,とくいはくしゅう,のどけし,長閑,のどか,haru,三春,,2025,4,199
春うらら妻に手渡す感謝状,得居博秀,とくいはくしゅう,うらら,麗か,うららか,haru,三春,,2025,4,199
｜花《はなび》｜冷《なびえ》や残る人生おだやかに,得居博秀,とくいはくしゅう,花冷,花冷え,はなびえ,haru,晩春,,2025,4,199
車椅子｜轍《わだち》くつきり春の泥,得居博秀,とくいはくしゅう,春の泥,春泥,しゅんでい,haru,三春,,2025,4,199
じいちやんと呼ばれ振り向く春の風,得居博秀,とくいはくしゅう,春の風,春の風,はるのかぜ,haru,三春,,2025,4,199
風光る三津の名物渡し舟,得居博秀,とくいはくしゅう,風光る,風光る,かぜひかる,haru,三春,,2025,4,199
｜葱《ねぎ》｜坊《ぎぼう》｜主《うず》坊主頭も似合ふかな,得居博秀,とくいはくしゅう,葱坊主,葱の擬宝,ねぎのぎぼ,haru,晩春,,2025,4,199
菜の花や歩む人生平凡に,得居博秀,とくいはくしゅう,菜の花,菜の花,なのはな,haru,晩春,,2025,4,199
｜何《ど》｜処《どこ》となくざわめく胸や春の宵,松枝ふみ,まつえだふみ,春の宵,春の宵,はるのよい,haru,三春,,2025,4,199
道化師の仮面脱ぎたる夜半の春,松枝ふみ,まつえだふみ,夜半の春,春の夜,はるのよ,haru,三春,,2025,4,199
あまいもんおひとついかが春の月,松枝ふみ,まつえだふみ,春の月,春の月,はるのつき,haru,三春,,2025,4,199
教会の屋根三角や｜小《こ》｜米《ごめ》｜花《ばな》,松枝ふみ,まつえだふみ,小米花,雪柳,ゆきやなぎ,haru,仲春,,2025,4,199
併せ持つ｜金《きん》｜眼《め》｜銀《ぎん》｜眼《め》や猫柳,松枝ふみ,まつえだふみ,猫柳,猫柳,ねこやなぎ,haru,初春,,2025,4,199
記念碑の柔き文字かな春の雨,松枝ふみ,まつえだふみ,春の雨,春の雨,はるのあめ,haru,三春,,2025,4,199
春の鳥遊ぶ水面の波光る,松枝ふみ,まつえだふみ,春の鳥,春の鳥,はるのとり,haru,三春,,2025,4,199
｜瓦《かわら》｜版《らばん》｜猫《ん》の恋路を仕立てをり,松枝ふみ,まつえだふみ,猫の恋,猫の恋,ねこのこい,haru,初春,,2025,4,199
百歳の母と眺むる桃の花,松枝ふみ,まつえだふみ,桃の花,桃の花,もものはな,haru,晩春,,2025,4,199
｜初《はつ》｜燕《つばめ》海辺の町に帰りけり,松枝ふみ,まつえだふみ,初燕,燕,つばめ,haru,仲春,,2025,4,199
鹿尾菜刈る天満洋子,天満洋子,てんまようこ,鹿尾菜,鹿尾菜,ひじき,haru,三春,,2025,4,199
軍艦も客船も行く冬の瀬戸,天満洋子,てんまようこ,冬,冬,ふゆ,huyu,三冬,,2025,4,199
身を縮め猫と朝寝や戻り寒,天満洋子,てんまようこ,朝寝,朝寝,あさね,haru,三春,,2025,4,199
｜春《はる》｜近《るちか》｜し《か》つがひ｜の《と》｜鳶《とび》｜に《び》雨を乞ふ,天満洋子,てんまようこ,春近し,春近し,はるちかし,huyu,晩冬,,2025,4,199
｜霜《しも》｜柱《ばしら》踏みしめ朝の野菜畑,天満洋子,てんまようこ,しめ,しめ,しめ,aki,晩秋,,2025,4,199
｜鹿《ひ》｜尾《ひじ》｜菜《き》刈｜る《お》｜嫗《おうな》｜の《な》背な｜や《あ》｜朝《あさづ》｜月《さづく》｜夜《くよ》,天満洋子,てんまようこ,鹿尾菜,鹿尾菜,ひじき,haru,三春,,2025,4,199
｜河《かせ》｜川《かせんじ》｜敷《んじき》｜黒《き》ジュウタンや｜鹿《ひ》｜尾《ひじき》｜菜《じき》｜干《き》す,天満洋子,てんまようこ,鹿尾菜,鹿尾菜,ひじき,haru,三春,,2025,4,199
｜礼《れいふ》｜服《いふく》｜を《く》脱がし摘み取る春みかん,天満洋子,てんまようこ,春みかん,春の蜜柑,はるのみかん,haru,三春,,2025,4,199
｜安《あ》｜芸《き》の国ベールで包み｜春《はる》｜霞《がすみ》,天満洋子,てんまようこ,春霞,霞,かすみ,haru,三春,,2025,4,199
クシュンクシュン猫にもあるの花粉症,天満洋子,てんまようこ,花粉症,杉の花,すぎのはな,haru,晩春,,2025,4,199
雛祭り一品持ちより寄る仲間,天満洋子,てんまようこ,雛祭,雛祭,ひなまつり,haru,仲春,,2025,4,199
花すみれ大野つね子,大野つね子,おおのつねこ,すみれ,菫,すみれ,haru,三春,,2025,4,199
春うらら｜号《ごう》｜令《うれい》｜を《い》聞き猫戻る,大野つね子,おおのつねこ,うらら,麗か,うららか,haru,三春,,2025,4,199
初もののつくしに笑顔昼の膳,大野つね子,おおのつねこ,つくし,土筆,つくし,haru,仲春,,2025,4,199
｜添《そ》｜へ《そ》られし菜の花の色明らなり,大野つね子,おおのつねこ,菜の花,菜の花,なのはな,haru,晩春,,2025,4,199
｜休《きゆう》｜眠《みん》の鉢一面にすみれ草,大野つね子,おおのつねこ,すみれ,菫,すみれ,haru,三春,,2025,4,199
そよ風の置き土産なるすみれかな,大野つね子,おおのつねこ,すみれ,菫,すみれ,haru,三春,,2025,4,199
花すみれ｜薄《うす》｜紫《むらさき》は母の色,大野つね子,おおのつねこ,すみれ,菫,すみれ,haru,三春,,2025,4,199
一人では使ひきれずや春の｜時《と》｜間《とき》,大野つね子,おおのつねこ,春,春,はる,haru,三春,,2025,4,199
暖かや昭和百年きりの良し,大野つね子,おおのつねこ,暖か,暖か,あたたか,haru,三春,,2025,4,199
｜朝《あさ》｜凪《なぎ》の川滑りゆく｜番《つがい》｜鴨《がも》,西濵恵美子,にしはまえみこ,朝凪,朝凪,あさなぎ,natsu,晩夏,,2025,4,199
日を｜弾《はじ》く｜汐《しお》｜入《いり》｜川《がわ》や｜二《に》｜月《がつ》｜尽《じん》,西濵恵美子,にしはまえみこ,二月尽,二月尽,にがつじん,haru,初春,,2025,4,199
｜説《せつ》｜法《ぽう》は冬の星座の話から,西濵恵美子,にしはまえみこ,冬の星,冬の星,ふゆのほし,huyu,三冬,,2025,4,199
子規の椿｜律《りつ》｜の《つ》椿へ日の射しぬ,西濵恵美子,にしはまえみこ,子規,時鳥,ほととぎす,natsu,三夏,,2025,4,199
春光やスケートボードひるがへる,西濵恵美子,にしはまえみこ,スケート,スケート,すけーと,huyu,三冬,,2025,4,199
うららかやじんわ｜り《し》｜萎《しぼ》｜み《ぼ》ゆ｜く《か》｜海《かい》｜馬《いば》,西濵恵美子,にしはまえみこ,うららか,麗か,うららか,haru,三春,,2025,4,199
春の雨人絶えし家｜解《と》かれけり,西濵恵美子,にしはまえみこ,春の雨,春の雨,はるのあめ,haru,三春,,2025,4,199
ふつくらと舞子のほほや梅ふふむ,西濵恵美子,にしはまえみこ,ほや,保夜,ほや,natsu,三夏,,2025,4,199
｜広《ひろ》｜縁《ろえん》｜の《ん》日差しの中の｜雛《ひいな》｜か《な》な,西濵恵美子,にしはまえみこ,雛,雛祭,ひなまつり,haru,仲春,,2025,4,199
うつし世｜の《こ》｜混《こんと》｜沌《んとん》｜に《ん》置く立｜ち《ひ》｜雛《ひいな》,西濵恵美子,にしはまえみこ,雛,雛祭,ひなまつり,haru,仲春,,2025,4,199
脱ぐ靴や川と流れる春の星,西田上酢,にしだうえす,春の星,春の星,はるのほし,haru,三春,,2025,4,199
春へ来しうれし涙のプルメリア,西田上酢,にしだうえす,春,春,はる,haru,三春,,2025,4,199
胃袋にせせらぎ麦の｜青《あお》｜む《お》方,西田上酢,にしだうえす,麦,麦,むぎ,natsu,初夏,,2025,4,199
歌に似て話し声かな桃の花,西田上酢,にしだうえす,桃の花,桃の花,もものはな,haru,晩春,,2025,4,199
｜雌《めひ》｜蛭《ひる》｜木《るぎ》の杖に花咲く｜潮《しお》｜干《おひ》｜潟《かた》,西田上酢,にしだうえす,潮干潟,潮干潟,しおひがた,haru,晩春,,2025,4,199
いしぼたん水をあがれば鼻のきく,西田上酢,にしだうえす,いしぼたん,磯巾着,いそぎんちゃく,haru,三春,,2025,4,199
にはとりにひよこを足して春の顔,西田上酢,にしだうえす,春,春,はる,haru,三春,,2025,4,199
王国の蜂太陽の入れぼくろ,西田上酢,にしだうえす,蜂,蜂,はち,haru,三春,,2025,4,199
永き日やイランイランの花に鼻,西田上酢,にしだうえす,永き日,日永,ひなが,haru,三春,,2025,4,199
白波をはなれて鳥のつるむかな,西田上酢,にしだうえす,無季,無季,むき,muki,無季,,2025,4,199
群れ降りる畑の一枚｜寒《かん》｜鴉《がらす》,國米慧子,こくまいけいこ,寒鴉,寒鴉,かんがらす,huyu,晩冬,,2025,4,199
独り聴く昭和歌謡や朧の夜,國米慧子,こくまいけいこ,朧,朧,おぼろ,haru,三春,,2025,4,199
寝返りや春の風鈴｜何《いず》｜処《ずこ》より,國米慧子,こくまいけいこ,春の風,春の風,はるのかぜ,haru,三春,,2025,4,199
｜他《よ》｜所《そ》の様な｜石《いし》｜鎚《しづち》｜山《ちさん》｜系《んけい》｜春《い》の雪,國米慧子,こくまいけいこ,春の雪,春の雪,はるのゆき,haru,三春,,2025,4,199
｜春《はる》｜寒《るさむ》｜や《む》足踏みしつつ電車待つ,國米慧子,こくまいけいこ,春寒,春寒,はるさむ,haru,初春,,2025,4,199
孫からの写メ全面の春の雪,國米慧子,こくまいけいこ,春の雪,春の雪,はるのゆき,haru,三春,,2025,4,199
一日の日差し逃さぬつくしかな,國米慧子,こくまいけいこ,つくし,土筆,つくし,haru,仲春,,2025,4,199
｜川《かわ》｜堤《つつみ》物を探すはつくし摘み,國米慧子,こくまいけいこ,つくし,土筆,つくし,haru,仲春,,2025,4,199
手の平を返すが如く春来たる,國米慧子,こくまいけいこ,春来,立春,りっしゅん,haru,初春,,2025,4,199
｜闊《かつ》｜歩《つぽ》する流行色や春来たる,國米慧子,こくまいけいこ,春来,立春,りっしゅん,haru,初春,,2025,4,199
ものの芽の吹き出る匂ひ里の山,野村菫,のむらすみれ,ものの芽,ものの芽,もののめ,haru,仲春,,2025,4,199
春の雨｜飢《かつ》｜ゑ《つ》しもの｜へ《や》｜和《やわ》｜ら《わ》かし,野村菫,のむらすみれ,春の雨,春の雨,はるのあめ,haru,三春,,2025,4,199
待ちをりし今朝のデビューやいぬふぐり,野村菫,のむらすみれ,いぬふぐり,いぬふぐり,いぬふぐり,haru,三春,,2025,4,199
里山は｜霞《かすみ》｜の《み》ベール包まれむ,野村菫,のむらすみれ,霞,霞,かすみ,haru,三春,,2025,4,199
｜朝《あさ》｜霞《がすみ》｜瞑《めい》｜府《いふ》の渕を歩きけり,野村菫,のむらすみれ,朝霞,霞,かすみ,haru,三春,,2025,4,199
｜目《つ》｜瞑《つむ》｜れ《む》｜ば《せ》｜雪《せつげ》｜原《つげん》｜を《ん》ゆく｜汝《な》が列車,野村菫,のむらすみれ,雪原,冬野,ふゆの,huyu,三冬,,2025,4,199
春の雪｜飲《の》み｜鉄《てつ》｜の《つ》｜汝《な》と列車旅,野村菫,のむらすみれ,春の雪,春の雪,はるのゆき,haru,三春,,2025,4,199
豆皿にあられこんも｜り《た》｜卓《たく》｜の《く》雛,野村菫,のむらすみれ,あられ,霰,あられ,huyu,三冬,,2025,4,199
しじみどうでつしや｜ろ《お》｜媼《おうな》｜の《うな》声や京の朝,野村菫,のむらすみれ,しじみ,蜆,しじみ,haru,三春,,2025,4,199
よく笑ふ双子姉妹や桃の花,野村菫,のむらすみれ,桃の花,桃の花,もものはな,haru,晩春,,2025,4,199
東京都ミサキノバル,ミサキノバル,みさきのばる,無季,無季,むき,muki,無季,,2025,4,199
冴返る飴玉のよりどりみどり,ミサキノバル,みさきのばる,冴返る,冴返る,さえかえる,haru,初春,,2025,4,199
転生へ｜獺《かわうそ》｜魚《うお》を祭りけり,ミサキノバル,みさきのばる,けり,鳧,けり,natsu,三夏,,2025,4,199
｜煎《せん》｜餅《べい》の｜塩《しお》｜味《おみ》の軽し｜春《はる》｜火《ひ》｜鉢《ばち》,ミサキノバル,みさきのばる,春火鉢,春火鉢,はるひばち,haru,三春,,2025,4,199
｜焦《しよう》｜点《てん》は椿の｜蕊《しべ》｜へ《べ》一途かな,ミサキノバル,みさきのばる,椿,椿,つばき,haru,三春,,2025,4,199
合掌の列の途切れず｜草《くさ》｜青《さあお》｜む《お》,ミサキノバル,みさきのばる,草青む,草青む,くさあおむ,haru,仲春,,2025,4,199
｜春《しゆん》｜融《んゆう》｜の《う》玻璃工房のケーキかな,ミサキノバル,みさきのばる,春融,春意,しゅんい,haru,三春,,2025,4,199
歯の欠くる格闘家かな春の波,ミサキノバル,みさきのばる,春の波,春の波,はるのなみ,haru,三春,,2025,4,199
潮騒の｜学《まなび》｜舎《なびや》｜の《や》｜痕《あと》｜う《と》ららけし,ミサキノバル,みさきのばる,うららけし,麗か,うららか,haru,三春,,2025,4,199
｜壺《つぼ》｜焼《ぼやき》｜や《き》転任を迷つてるんだ,ミサキノバル,みさきのばる,壺焼,壷焼,つぼやき,haru,三春,,2025,4,199
｜甲《かん》｜板《んぱん》｜へ《ん》春セーターの膨らめり,ミサキノバル,みさきのばる,春セーター,春セーター,はるせーたー,haru,三春,,2025,4,199
陽だまりの襟を広ぐや春セーター,成本魚乃,なるもといの,春セーター,春セーター,はるせーたー,haru,三春,,2025,4,199
｜波《はも》｜紋《もん》｜消《ん》｜ゆ《お》｜獺《おそ》｜の《そ》祭や尾のつたふ,成本魚乃,なるもといの,祭,祭,まつり,natsu,三夏,,2025,4,199
解き放つ魔女の一撃春の風,成本魚乃,なるもといの,春の風,春の風,はるのかぜ,haru,三春,,2025,4,199
遠巻き｜の《さ》｜囀《さえず》｜り《ず》満ちるエコーなり,成本魚乃,なるもといの,囀り,囀,さえずり,haru,三春,,2025,4,199
｜直《ひた》｜土《たつち》｜の《ち》湿す椿を抱きにけり,成本魚乃,なるもといの,けり,鳧,けり,natsu,三夏,,2025,4,199
押入れの皿を起こすや春の夜,成本魚乃,なるもといの,春の夜,春の夜,はるのよ,haru,三春,,2025,4,199
真夜中のチョコシュー頬張るバレンタイン,成本魚乃,なるもといの,バレンタイン,バレンタインの日,ばれんたいんのひ,haru,初春,,2025,4,199
カールするまつ毛に添ふや朧月,成本魚乃,なるもといの,朧月,朧月,おぼろづき,haru,三春,,2025,4,199
一輪に陽の｜透《とお》｜り《お》けり｜金《きん》｜鳳《んぽう》｜花《うげ》,成本魚乃,なるもといの,金鳳花,金鳳花,きんぽうげ,haru,晩春,,2025,4,199
かけ違ふもどかしさかな春の服,成本魚乃,なるもといの,春の服,春装,しゅんそう,haru,三春,,2025,4,199
春日記天気記号を習ひたし,藤田菜々,ふじたなな,春日,春日,はるひ,haru,三春,,2025,4,199
窓際の野菜再生風光る,藤田菜々,ふじたなな,風光る,風光る,かぜひかる,haru,三春,,2025,4,199
｜東《ひんがし》｜に《し》咲く梅の香の届きけり,藤田菜々,ふじたなな,けり,鳧,けり,natsu,三夏,,2025,4,199
｜瑠《る》｜璃《り》並ぶ｜獺《おそ》｜の《そ》｜魚《さかな》｜の《な》祭りかな,藤田菜々,ふじたなな,瑠璃,大瑠璃,おおるり,natsu,三夏,,2025,4,199
掃除機の修理断念｜二《に》｜月《がつ》｜尽《じん》,藤田菜々,ふじたなな,二月尽,二月尽,にがつじん,haru,初春,,2025,4,199
珈琲の豆挽く音や山笑ふ,藤田菜々,ふじたなな,山笑ふ,山笑ふ,やまわらう,haru,三春,,2025,4,199
菜の花や活けて窓辺の花となす,藤田菜々,ふじたなな,菜の花,菜の花,なのはな,haru,晩春,,2025,4,199
朝日浴ぶ空地｜啄《ついば》む春の鳥,藤田菜々,ふじたなな,春の鳥,春の鳥,はるのとり,haru,三春,,2025,4,199
春の鳥まめについばむ野草かな,藤田菜々,ふじたなな,春の鳥,春の鳥,はるのとり,haru,三春,,2025,4,199
｜鷹《たか》｜化《かか》｜し《か》て鳩と｜為《な》｜る《な》日｜や《う》｜虚《うつ》｜ろ《つ》な目,藤田菜々,ふじたなな,鷹化して鳩と為る,鷹化して鳩と為る,たかかしてはととなる,haru,仲春,,2025,4,199
やぶ椿鳴かぬ｜緑《みどり》｜や《り》枝を舞ふ,辛嶋栖守,からしまくるす,椿,椿,つばき,haru,三春,,2025,4,199
大正の父の大志に落椿,辛嶋栖守,からしまくるす,落椿,椿,つばき,haru,三春,,2025,4,199
シチナラベ｜や《か》｜獺《かわうそ》｜祭《うそさい》｜に《い》学び視よ,辛嶋栖守,からしまくるす,祭,祭,まつり,natsu,三夏,,2025,4,199
｜獺《おそ》｜祭《まつ》る音符にも魚にも,辛嶋栖守,からしまくるす,祭,祭,まつり,natsu,三夏,,2025,4,199
｜獺《だつ》｜祭《つさい》｜や《い》｜宇《う》｜宙《ちゆう》｜醸《うじよう》｜造《うぞう》｜き《う》ばう満つ,辛嶋栖守,からしまくるす,祭,祭,まつり,natsu,三夏,,2025,4,199
自販機の陰探る身や春浅し,辛嶋栖守,からしまくるす,春浅し,春浅し,はるあさし,haru,初春,,2025,4,199
父の忌に咲く｜春《しゆん》｜蘭《んらん》｜や《ん》母遺し,辛嶋栖守,からしまくるす,春蘭,春蘭,しゅんらん,haru,仲春,,2025,4,199
リフトから違ひの分かる春の雪,辛嶋栖守,からしまくるす,春の雪,春の雪,はるのゆき,haru,三春,,2025,4,199
いつもの日いつも｜の《く》｜草《くさ》｜野《さのふ》｜蕗《ふき》｜の《きと》｜薹《とう》,辛嶋栖守,からしまくるす,蕗の薹,蕗の薹,ふきのとう,haru,初春,,2025,4,199
｜紅《こう》｜梅《うばい》｜や《い》｜墨《すみ》｜三《みさん》｜色《しよく》｜で《く》描きあげし,辛嶋栖守,からしまくるす,紅梅,紅梅,こうばい,haru,初春,,2025,4,199
｜薄《うすら》｜氷《すらい》｜を《い》負ひし｜緋《ひご》｜鯉《ごい》｜の《い》来たりけり,佐藤南山,さとうなんざん,薄氷,薄氷,うすらい,haru,初春,,2025,4,199
｜水《みず》｜温《ずぬる》｜む《る》｜上《うわ》｜目《わめ》｜遣《づか》｜ひ《か》の｜緋《ひ》｜鯉《ごい》｜か《い》な,佐藤南山,さとうなんざん,水温む,水温む,みずぬるむ,haru,仲春,,2025,4,199
春泥を育む水の命かな,佐藤南山,さとうなんざん,春泥,春泥,しゅんでい,haru,三春,,2025,4,199
春泥は｜野《の》｜積《づみ》｜の《み》石を｜囲《かこ》｜ひ《こ》けり,佐藤南山,さとうなんざん,春泥,春泥,しゅんでい,haru,三春,,2025,4,199
春泥｜の《た》｜弾《たま》｜あ《ま》やまたず打ちにけり,佐藤南山,さとうなんざん,春泥,春泥,しゅんでい,haru,三春,,2025,4,199
夕暮れの枝｜鎮《しず》｜ま《ず》れり春の鳥,佐藤南山,さとうなんざん,春の鳥,春の鳥,はるのとり,haru,三春,,2025,4,199
｜幾《いく》｜た《く》びも｜鷽《うそ》｜の《そ》澄み声朝の空,佐藤南山,さとうなんざん,鷽,鷽,うそ,haru,三春,,2025,4,199
芽吹きたる｜千《ちど》｜鳥《どりが》｜ヶ《りがふ》｜淵《がふち》｜の《ち》｜孤《こし》｜舟《しゆう》｜か《う》な,佐藤南山,さとうなんざん,芽吹,芽立ち,めだち,haru,仲春,,2025,4,199
冴え返る｜千《ち》｜鳥《どり》｜ヶ《りが》｜淵《ふち》や昼の酒,佐藤南山,さとうなんざん,冴え返る,冴返る,さえかえる,haru,初春,,2025,4,199
｜転《うたた》｜寝《たね》のやをら目覚めり春の雪,佐藤南山,さとうなんざん,春の雪,春の雪,はるのゆき,haru,三春,,2025,4,199
三月や孫の旅立ち悲しかる,野本末枝,のもとみえ,三月,三月,さんがつ,haru,仲春,,2025,4,199
卒業の姉と弟成長す,野本末枝,のもとみえ,卒業,卒業,そつぎょう,haru,仲春,,2025,4,199
畑焼くや｜山《さん》｜林《んりん》｜火《んか》｜災《さい》｜の《い》｜大《だい》｜惨《いさん》｜事《んじ》,野本末枝,のもとみえ,畑焼く,畑焼く,はたやく,haru,初春,,2025,4,199
｜沈《じん》｜丁《ちよう》｜花《げ》香りの強さピンク白,野本末枝,のもとみえ,沈丁花,沈丁花,じんちょうげ,haru,三春,,2025,4,199
｜蕗《ふき》｜の《きと》｜薹《とう》｜天《う》プラにすにが味あり,野本末枝,のもとみえ,蕗の薹,蕗の薹,ふきのとう,haru,初春,,2025,4,199
｜田《い》｜舎《なか》｜墓《かぼ》｜地《ち》線香香る｜彼《ひ》｜岸《がん》｜桜《ざくら》,野本末枝,のもとみえ,彼岸桜,彼岸桜,ひがんざくら,haru,仲春,,2025,4,199
｜彼《ひが》｜岸《がんざ》｜桜《んざくら》｜先《ら》祖参りの墓地に咲く,野本末枝,のもとみえ,彼岸桜,彼岸桜,ひがんざくら,haru,仲春,,2025,4,199
公園にぽつりと赤い｜落《おちつ》｜椿《つばき》,野本末枝,のもとみえ,落椿,椿,つばき,haru,三春,,2025,4,199
掃き寄せて根元に列し｜落《おちつ》｜椿《つばき》,野本末枝,のもとみえ,落椿,椿,つばき,haru,三春,,2025,4,199
｜落《おちつ》｜椿《ちつばきす》｜水《きすいそ》｜槽《いそう》｜に《う》浮かべて眺めけり,野本末枝,のもとみえ,落椿,椿,つばき,haru,三春,,2025,4,199
固まりし絵具溶かして｜描《か》く椿,舛岡正弘,まさおかまさひろ,椿,椿,つばき,haru,三春,,2025,4,199
｜古《こ》｜稀《き》過ぎて｜昔《は》｜恥《はじ》｜る《じ》や浮かれ猫,舛岡正弘,まさおかまさひろ,浮かれ猫,猫の恋,ねこのこい,haru,初春,,2025,4,199
｜水《みず》｜温《ずぬる》｜む《る》今朝も｜只《ただ》｜々《だただ》｜豆《だ》腐寄す,舛岡正弘,まさおかまさひろ,水温む,水温む,みずぬるむ,haru,仲春,,2025,4,199
｜壬《み》｜生《ぶ》｜菜《な》買｜ふ《お》｜沖《おき》｜田《きたそ》｜総《そう》｜司《うし》の｜影《し》｜慕《した》｜ふ《た》,舛岡正弘,まさおかまさひろ,壬生菜,壬生菜,みぶな,haru,初春,,2025,4,199
老犬｜の《さ》｜最《さい》｜期《いご》の春やリード引く,舛岡正弘,まさおかまさひろ,春,春,はる,haru,三春,,2025,4,199
｜一《いち》｜握《あく》｜の《く》思ひのずれる｜春《はる》｜隣《どなり》,舛岡正弘,まさおかまさひろ,春隣,春近し,はるちかし,huyu,晩冬,,2025,4,199
インスタに上げた｜き《だ》｜獺《だつさ》｜祭《つさいい》｜未《いいま》｜だ《ま》見ず,舛岡正弘,まさおかまさひろ,祭,祭,まつり,natsu,三夏,,2025,4,199
｜佐《さ》｜保《ほ》｜姫《ひめ》｜の《めそ》｜袖《そで》｜触《で》れ行くや｜祭《まつり》｜旗《りばた》,青山鹿乃子,あおやまかのこ,佐保姫,佐保姫,さほひめ,haru,三春,,2025,4,199
｜扁《へん》｜額《がく》は梅の一文字梅の寺,青山鹿乃子,あおやまかのこ,一文字,葱,ねぎ,huyu,三冬,,2025,4,199
｜杣《そまや》｜山《まやま》｜を《ま》ねぎらふ雪の別れかな,青山鹿乃子,あおやまかのこ,雪の別れ,雪の果,ゆきのはて,haru,仲春,,2025,4,199
春泥の長靴並ぶ赤黄黒,青山鹿乃子,あおやまかのこ,春泥,春泥,しゅんでい,haru,三春,,2025,4,199
春鳥の｜上《ほつ》｜枝《つえ》に｜広《ひろ》｜ぐ《ろ》｜無《む》｜垢《く》の空,青山鹿乃子,あおやまかのこ,春,春,はる,haru,三春,,2025,4,199
星｜の《く》｜屑《くず》｜飲《ず》｜む《は》｜蛤《はまぐり》｜の《り》夜鳴きかな,青山鹿乃子,あおやまかのこ,蛤,蛤,はまぐり,haru,三春,,2025,4,199
橋の上｜鳶《とび》｜掠《びかす》｜め《す》ゆく春ショール,青山鹿乃子,あおやまかのこ,春ショール,春ショール,はるしょーる,haru,三春,,2025,4,199
｜莟《つぼみ》｜落《み》つ椿ものうき｜西《にし》｜日《しび》かな,萼草子,,西日,西日,にしび,natsu,晩夏,,2025,4,199
椿添ふ｜将《まさ》｜門《かど》｜塚《づか》の乙女かな,萼草子,,椿,椿,つばき,haru,三春,,2025,4,199
空港の｜獺《おそ》の祭や｜駐《ちゆう》｜機《き》｜場《じよう》,萼草子,,祭,祭,まつり,natsu,三夏,,2025,4,199
｜獺《だつ》｜祭《さい》や｜金《こん》｜平《ぺい》｜糖《とう》は缶の底,萼草子,,祭,祭,まつり,natsu,三夏,,2025,4,199
｜紫《むらさき》｜立《きだ》つ｜節《せつ》｜分《ぶん》｜会《え》かな黒豆茶,萼草子,,節分,節分,せつぶん,huyu,晩冬,,2025,4,199
｜立《りつし》｜春《つしゆん》｜大《んだいき》｜吉《いきち》｜地《ち》蔵微笑む社務所口,萼草子,,立春大吉,立春,りっしゅん,haru,初春,,2025,4,199
清流に身｜浄《きよ》｜め《よ》｜獺《おそ》｜の《そ》祭りかな,今村藤生,いまむらとうせい,祭,祭,まつり,natsu,三夏,,2025,4,199
せせらぎに鳥歌ひけり｜獺《おそま》｜祭《まつり》,今村藤生,いまむらとうせい,けり,鳧,けり,natsu,三夏,,2025,4,199
己が｜儘《まま》｜咲《ま》きて落ちけり｜藪《やぶつ》｜椿《つばき》,今村藤生,いまむらとうせい,藪椿,椿,つばき,haru,三春,,2025,4,199
落椿ガラシャの如く時を知り,今村藤生,いまむらとうせい,落椿,椿,つばき,haru,三春,,2025,4,199
二月の木朝日の中｜の《は》｜花《はな》｜芽《なめ》かな,今村藤生,いまむらとうせい,二月,二月,にがつ,haru,初春,,2025,4,199
大声の歌ふ｜幼《おさ》｜子《さなご》｜花《はな》｜芽《め》｜萌《も》ゆ,今村藤生,いまむらとうせい,萌,下萌,したもえ,haru,初春,,2025,4,199
春泥や一歩一歩と手をつなぐ,戎井風蓮,えびすいふうれん,春泥,春泥,しゅんでい,haru,三春,,2025,4,199
足あとを｜辿《たど》｜つ《ど》て進む春の泥,戎井風蓮,えびすいふうれん,春の泥,春泥,しゅんでい,haru,三春,,2025,4,199
｜庭《にわ》｜木《き》揺れ｜常《じよう》｜連《れん》｜客《きやく》の春の鳥,戎井風蓮,えびすいふうれん,春の鳥,春の鳥,はるのとり,haru,三春,,2025,4,199
春の鳥｜見《みま》｜守《まも》｜り《も》される庭いぢり,戎井風蓮,えびすいふうれん,春の鳥,春の鳥,はるのとり,haru,三春,,2025,4,199
日曜日｜出《で》｜不《ぶ》｜精《しよう》｜に《う》なる春の雨,戎井風蓮,えびすいふうれん,春の雨,春の雨,はるのあめ,haru,三春,,2025,4,199
春泥の｜鼓《こど》｜動《どう》｜冷《う》たきアスファルト,浜田幸子,はまださちこ,冷たき,冷たし,つめたし,huyu,三冬,,2025,4,199
｜春《しゆん》｜禽《きん》｜や《ん》初めの仕事に一声す,浜田幸子,はまださちこ,春禽,春の鳥,はるのとり,haru,三春,,2025,4,199
やんはりとページをめくり春の雪,浜田幸子,はまださちこ,春の雪,春の雪,はるのゆき,haru,三春,,2025,4,199
春の鳥それはもう恋じやないかしら,浜田幸子,はまださちこ,春の鳥,春の鳥,はるのとり,haru,三春,,2025,4,199
